MANAGING_OFFICE,MANAGING_OFFICE_DESCRIPTION,REPORTING_DIVISION_L0,REPORTING_DIVISION_L1,REPORTING_DIVISION_L2,REPORTING_DIVISION_L3,REPORTING_DIVISION_L5,REPORTING_COUNTRY,SF_INSERT_DT,MD5_HASH
"Sydney","Berlin","yG1DYB39Ps2H","JJBVn7qKTf2r","AkThVmd30CaB","LhlrEV9uXvO0","9b3BNEU5KL9I","BR","2025-03-02 14:52:24","4fc2e82a8fa726bce6ea1f13190fc9e2"
"Sydney","NewYork","X1KdSYn2Gdpw","KYp14MSEZPTO","xWC3UY9WCu2V","VEvVSMDVO473","3umB7RyBw4Ye","CA","2025-10-22 14:52:24","6ee497d41d43c59b7d77286d163858b1"
"Delhi","Delhi","7ZEIC4BC37WU","j7rlEnsntt5F","vcSehtLXwhox","aLbjg3C2Lbpe","AiT16NenWuxd","CA","2024-11-30 14:52:24","e40f9221ed2bb6a3a7509fa7db6779b0"
"Sydney","London","v1tydpIyla05","NCiXE54Pq0iq","egoTfXQLfFRr","i1Fdm6e653sm","tr6ramimIsFU","CA","2024-12-19 14:52:24","517c27e8973988e4dae43f8739d5c21b"
"Sydney","London","VHf0SKTIKnIs","HSSXu8pc7krE","UiiM0CTl5oS6","LnvhL7iAzxEb","20IBBQIn5yLb","UK","2025-11-01 14:52:24","9d4e78ea65be62a65c5a6a0975dfd18e"
"Sydney","NewYork","MPsPVfxQjwYE","0qGWNXAv9WFY","sdNlgL2hYmw5","jzijfx7pbqct","VB8W44W5uQ4z","JP","2025-11-02 14:52:24","addc7283eb4c035864f5c679fc791149"
"Sydney","Berlin","V9bKBpQk8Zos","9duIaPtEuPoI","bER2CBQF2obr","NLqxQeAt6bnb","7DcRGtTpwI2x","IN","2025-04-13 14:52:24","b3679bc261a80ceb648eb575a949ac17"
"London","NewYork","Nyhd8zK3DuMJ","HCunFR4iESvn","F416BuzXjw51","7I21PesCrCBs","wGELggZlNmOb","US","2025-06-01 14:52:24","1f2f60e5ca29ecac2bc42d3440ee6811"
"London","Sydney","ZaLrCFBVCLdX","D61g4AOM6aBJ","tkxauUskfMFd","zUsvLvNqt6kE","4Os9EZoPsaCy","IN","2025-07-06 14:52:24","2a7a171aa87bb781930ac864c78ee53e"
"Delhi","NewYork","xCgo8ZqSy5cs","ajFKvN3jkeou","SKEx9IuJP4Av","yAeYo0IcwmyC","pM5g2HW6aZ2u","DE","2025-05-31 14:52:24","b948ac3fc2ac1167bc80e99e98010a93"
"London","Delhi","DkwZap0h8biL","bwhPlXQUGd4O","vphWtGQmScn5","qCmYBqEyV0f5","3m2TihemeyHM","DE","2024-12-28 14:52:24","d70a3d67636e0d839cbb81119f014223"
"Delhi","Berlin","urmPgLtdZ0g6","FsrYb6B1AtuK","r7TN4baXf1Wv","UgKnhr89IYVe","IXOO8hunjEfI","UK","2025-02-22 14:52:24","523bf07ded3d8f03e06081370cd90aad"
"Delhi","London","FEqI8qBpYbuM","BxQz9JNLE9n3","BGemKY81pxFI","HWkmtsjJaR4g","dPrNwWjrn6sY","FR","2025-01-10 14:52:24","91ac1c8471d00a3bc54ca9029301ec6b"
"Sydney","London","i9K8yrjOo7R5","gNVcZYWi4z0V","lG1gL7Mq3GDK","HLJHO8xtM6sU","nNYerzQTTLBh","IN","2024-12-30 14:52:24","8dcaecaaefd18f3d8e2d88ef8092e7c4"
"Berlin","Sydney","RwgIDYYq8rNn","m9E6A8Yi9etL","K6kQZg11LO5p","ycpqEfIGAAhP","x9Z19fDGnyYX","CA","2025-04-14 14:52:24","148742415fb6cb7d4b527a4d2f7d065d"
"Berlin","Sydney","asAwuz7tL3oW","R0LXU2J9cmlU","hLfERacVHSkk","Q62jpN7T9TrT","aXclriGXGUIY","UK","2025-09-06 14:52:24","01a9e929225c9dd33f6afc83c39d956c"
"Berlin","London","GFkxmvUUkKpv","rGaNOr5gVdlh","9QN8NIlGyZrb","k5STVGxBSf5I","7Sw0MFZFHR3C","IN","2025-09-17 14:52:24","59b5ad7fc6122d69009536d77a205b24"
"Delhi","Delhi","wTXRCEqiZ5WE","sWiMIceqJ8Nr","2FeWnTMJ5k1Y","2LqMjuyANybU","2KIjaJFwvDRP","IN","2025-04-27 14:52:24","c3e24d434f84160824820975a8a817ba"
"Sydney","Delhi","ATSHsRUmni4C","VKFVz6sw1NCh","yndvsfOtr3bt","Vl37IF2fwRiT","yu34tStcxdJF","CA","2025-08-26 14:52:24","d5fe6a281287734bd632ff73d8854204"
"London","London","7RnKyQCLsnVG","8n0dw76DRBZD","lgD0BBTGP6Vy","SiSZHE0NUHqG","nZO1U5SW0U20","AU","2025-02-24 14:52:24","0a633aa9d256c3b40edb489400831ea5"