FUNCTION_UNIT,FUNCTIONAL_UNIT_DESCRIPTION,REPORTING_LOB_L1,REPORTING_LOB_L2,REPORTING_LOB_L3,SF_INSERT_DT,MD5_HASH
"Analytics","IT","Y9wM9CczzEXe","s89ACGWy6WZL","Advisory","2025-07-25 14:52:24","b2aee17dc03efdfe1488d7ed97d2c70a"
"Ops","Ops","92LAVcFXROSU","JIQgLU6C1SVI","GWS","2025-06-09 14:52:24","1649ad5f6c8cf2f0e468238b7d7e8ec6"
"Analytics","Ops","O2fzthTqd3Ey","T75HPkRgWt68","Investments","2025-05-12 14:52:24","e4a7001c395ae400ff85ad033aff3686"
"Analytics","HR","1UB1uLBjbjlD","xLLaQlPBhIbd","GWS","2025-01-13 14:52:24","f70ab0d089013962020ff01408b2554d"
"IT","Finance","Millsn7bpJ3W","dLIugc4vsTJj","GWS","2025-06-29 14:52:24","975b49cc5d031aa7739896ab77594537"
"IT","Finance","cZ01mXnEGjN4","3FzLYWSdoKFX","Digital","2025-11-01 14:52:24","61a32e136f2719efe95a42d334aa9aab"
"HR","IT","yi8cgEoZWw8C","TvaHfVjIg2xL","Investments","2025-09-19 14:52:24","0be7266d5aea7f67567590c27ef22ddb"
"Finance","HR","WKzQPdHmDbXL","beZPf4QvqCUR","Digital","2024-11-26 14:52:24","f0724386bd1bd6b030bb08d0e3c6335a"
"Analytics","Finance","4vYrFECjriwG","wFu6Am4YyOYo","Investments","2025-07-21 14:52:24","76ae0410a499c04523ccf31bb9a55eaa"
"Ops","IT","4kxT2qPpsLDV","CvbI7TQM241V","GWS","2025-07-17 14:52:24","5282b061f5d4fd5604af2efe23ac395d"
"Ops","Ops","OKairaHyKOoX","IfmPa6foRIfv","Digital","2025-09-02 14:52:24","00c191cc69d477c21626a457e1b44bfe"
"HR","Ops","IPv990vr2Hkm","Hv0HHw4Rnn2e","Advisory","2025-01-06 14:52:24","27a1cde173080018e5a74f9cfb693bcc"
"Analytics","Ops","dkAzNX1bthQJ","6DgKUQAbSYaz","Investments","2025-03-13 14:52:24","513743e330951789c938cd3d105f468e"
"IT","Ops","kZU1nlMmWoAd","aRxCKDuc4R9h","Advisory","2025-01-25 14:52:24","a7d0ec2ebd82a96b1b8a7acd5a136c57"
"Finance","IT","YrgNadrgUZaE","JO0AvBa4T0tt","GWS","2025-09-13 14:52:24","3c4486b2e4defe06fb7c18ab1300eacb"
"Ops","Finance","9STrxUt1QrDC","XJAqp58d9Hiq","GWS","2024-11-25 14:52:24","29f03c929157c6e902405d9d6b836c08"
"Finance","Finance","wzc05JG5jXql","c8lP0eCFgBmo","Advisory","2025-06-13 14:52:24","a4d17368ae4430e10c3a5590cb997c78"
"HR","Analytics","L1cHXQq2SZ06","ONV92G75ZaVo","Investments","2025-10-06 14:52:24","4eefb9b378d93c4bba8091002958d039"
"Finance","Ops","jjoPOwkQkOOD","ob0o8Mli67Gt","Digital","2025-01-16 14:52:24","7637f2db023b99a07685b0afc8376915"
"Finance","HR","WYosmtNsyQIb","fzrZ20vGKBNN","Advisory","2025-04-27 14:52:24","70b01f57fe3e878852dc8e2a3f6aa495"